index,question,expected_docs,flat_docs,graph_docs,flat_recall,graph_recall,flat_retrieval_ms,graph_retrieval_ms,flat_generation_ms,graph_generation_ms,flat_context_chars,graph_context_chars,flat_answer,graph_answer
1,Reconcile the claim that US EV demand was slowing in early 2024 with evidence that policy and charging access still supported adoption.,"doc_1.txt, doc_2.txt, doc_36.txt, doc_48.txt","doc_40.txt, doc_48.txt, doc_36.txt, doc_9.txt","doc_5.txt, doc_32.txt, doc_33.txt, doc_12.txt, doc_13.txt, doc_14.txt, doc_18.txt, doc_36.txt, doc_4.txt, doc_8.txt, doc_1.txt, doc_2.txt, doc_21.txt, doc_3.txt",0.5,0.75,10.099731000082102,9.49302200024249,10354.936069998075,2053.857468003116,7287,2878,"The claim that US EV demand was slowing in early 2024 can be reconciled with evidence of supportive policies and charging access by noting that while sales momentum may be experiencing a temporary slowdown, significant investments in charging infrastructure and government incentives are still fostering long-term adoption. For instance, the Inflation Reduction Act offers substantial tax credits for EV purchases, and there are plans to increase public charging stations from 160,000 in 2023 to nearly 1 million by 2030, which indicates ongoing support for EV adoption despite short-term fluctuations in demand [doc_36.txt][doc_48.txt].","The claim that US EV demand was slowing in early 2024 can be reconciled with the evidence that policy and charging access still supported adoption, as the uncertain geopolitical conditions may weaken demand for vehicles like Polestar's, yet operational and financial performance remained strong for companies in the sector, indicating ongoing support for EV adoption despite demand fluctuations [doc_12.txt][doc_14.txt]."
2,"Compare consumer hesitation about EVs with dealer sentiment: which barriers appear demand-side, and which are channel-side?","doc_21.txt, doc_23.txt, doc_35.txt, doc_40.txt, doc_44.txt","doc_28.txt, doc_9.txt, doc_69.txt, doc_21.txt, doc_34.txt, doc_23.txt","doc_3.txt, doc_17.txt, doc_5.txt, doc_9.txt, doc_39.txt, doc_8.txt, doc_28.txt, doc_10.txt, doc_26.txt, doc_13.txt, doc_21.txt",0.4,0.2,7.631583001057152,8.145785999658983,1870.5370840034448,1566.668708997895,7287,2728,"Consumer hesitation about EVs primarily stems from demand-side barriers, such as concerns over driving range and cost/price premiums. In contrast, dealer sentiment reflects channel-side barriers, including economic uncertainty and market conditions affecting dealer performance. [doc_9.txt], [doc_21.txt], [doc_34.txt], [doc_23.txt]","The context does not provide sufficient information to compare consumer hesitation about EVs with dealer sentiment or to identify specific demand-side and channel-side barriers. [doc_3.txt], [doc_17.txt], [doc_5.txt]"
3,Explain why charging infrastructure can matter both for consumer adoption and for investor confidence in the EV market.,"doc_27.txt, doc_48.txt, doc_70.txt","doc_48.txt, doc_9.txt, doc_28.txt, doc_69.txt, doc_64.txt, doc_54.txt","doc_9.txt, doc_28.txt, doc_13.txt, doc_7.txt, doc_32.txt, doc_39.txt, doc_8.txt, doc_33.txt, doc_10.txt, doc_11.txt, doc_12.txt",0.3333333333333333,0.0,4.637060999812093,7.575217001431156,2806.4133940060856,1031.283661002817,7287,2859,"Charging infrastructure is crucial for consumer adoption of electric vehicles (EVs) because it addresses the significant barriers of driving range and accessibility to charging points, which are major concerns for potential EV buyers [doc_9.txt]. For investors, a robust charging network signals a growing market and consumer confidence, making the EV sector more attractive for investment [doc_64.txt].",Insufficient information provided to explain the significance of charging infrastructure for consumer adoption and investor confidence in the EV market.
4,"Across the US, Europe, and China, which EV sales patterns suggest a temporary slowdown versus a structural regional advantage?","doc_67.txt, doc_69.txt, doc_63.txt, doc_64.txt","doc_9.txt, doc_28.txt, doc_69.txt, doc_30.txt","doc_18.txt, doc_28.txt, doc_26.txt, doc_7.txt, doc_9.txt, doc_32.txt, doc_30.txt, doc_1.txt, doc_2.txt, doc_21.txt, doc_5.txt",0.25,0.0,4.019291001895908,8.41155499801971,3145.4717199958395,1392.2181669986458,7286,2868,"In the U.S., the slowdown in EV sales appears to be temporary, influenced by falling fuel prices and the pandemic's impact on demand, with a slower recovery expected due to delayed car launches and low oil prices [doc_9.txt]. In Europe, the decline in EV sales, particularly in Germany, suggests a structural regional disadvantage as consumer demand wanes and competition increases [doc_30.txt]. In China, while there was a temporary slowdown due to subsidy cuts, the long-term outlook remains positive with continued investment and incentives [doc_28.txt].","Insufficient information to determine specific EV sales patterns suggesting a temporary slowdown versus a structural regional advantage across the US, Europe, and China. [doc_18.txt], [doc_7.txt], [doc_28.txt]"
5,Contrast Tesla's competitive pressure with the broader field of Chinese EV entrants and explain what this implies for market structure.,"doc_22.txt, doc_61.txt, doc_63.txt, doc_66.txt","doc_7.txt, doc_65.txt, doc_63.txt, doc_61.txt, doc_69.txt","doc_7.txt, doc_2.txt, doc_35.txt, doc_30.txt, doc_8.txt, doc_33.txt, doc_9.txt, doc_11.txt, doc_12.txt, doc_14.txt",0.5,0.0,4.595662998326588,9.79328500397969,6404.540207993705,1361.5433669983759,7287,2588,"Tesla faces intense competitive pressure in China from local manufacturers and new entrants, which has led to a ""price war"" and significant market challenges. This contrasts with the broader field of Chinese EV entrants, who are also navigating a highly competitive landscape characterized by overcapacity and losses. The implication for market structure is that, similar to other sectors in China, the EV market may consolidate over time, with only a few firms emerging as leaders amidst the intense competition and government support [doc_65.txt][doc_61.txt].","The context provided does not contain specific information about Tesla's competitive pressure compared to Chinese EV entrants or implications for market structure. Therefore, I cannot answer the question based on the available information."
6,"Use company financial results to compare whether Polestar, VinFast, and ZEEKR show growth, stress, or mixed signals.","doc_12.txt, doc_13.txt, doc_14.txt, doc_15.txt","doc_13.txt, doc_12.txt, doc_14.txt","doc_12.txt, doc_14.txt, doc_19.txt, doc_20.txt, doc_13.txt, doc_1.txt, doc_5.txt, doc_32.txt, doc_8.txt",0.75,0.75,4.037666003569029,7.877664997067768,4926.836391001416,1633.6070149991428,7288,2677,"**VinFast** shows strong growth with a 115% increase in vehicle deliveries and a 49.3% rise in revenue year-over-year for Q3 2024 [doc_13.txt]. 

**Polestar** presents mixed signals, with a 25% revenue increase but a significant drop in gross profit (down 63%) and a low gross margin of 1.1% for the nine months ending September 30, 2023 [doc_12.txt]. 

**ZEEKR** lacks specific financial results in the provided context, making it impossible to assess its growth or stress [doc_14.txt]. 

Overall, VinFast shows clear growth, Polestar has mixed signals, and ZEEKR's status is unclear.","The context provides limited information on the financial results of Polestar, indicating potential growth but also the possibility of results falling below expectations. There is no information provided about VinFast or ZEEKR, making it impossible to compare their financial situations. Therefore, I cannot determine whether they show growth, stress, or mixed signals based on the available context. [doc_12.txt]"
7,What evidence supports the argument that EV policy is not just a subsidy story but also a market-shaping industrial strategy?,"doc_1.txt, doc_6.txt, doc_63.txt, doc_64.txt, doc_66.txt","doc_66.txt, doc_63.txt, doc_43.txt, doc_64.txt, doc_15.txt","doc_1.txt, doc_9.txt, doc_28.txt, doc_10.txt, doc_12.txt, doc_15.txt, doc_20.txt, doc_24.txt, doc_35.txt, doc_3.txt, doc_4.txt, doc_38.txt, doc_2.txt, doc_30.txt, doc_21.txt",0.6,0.2,4.3135230007465,8.1088059960166,3513.7805749982363,1652.8704879965517,7288,2745,"Evidence supporting the argument that EV policy is a market-shaping industrial strategy includes:

1. The Chinese government's long-term investment in EV technologies since 2001, indicating a strategic priority rather than just subsidies [doc_43.txt].
2. The role of Wan Gang in convincing leaders to focus on NEVs as a leapfrog technology, showcasing a vision for industrial advancement [doc_43.txt].
3. The emergence of numerous homegrown EV brands due to government policies that fostered both supply and demand, reflecting a comprehensive industrial strategy [doc_63.txt].
4. The significant increase in subsidies and R&D investments, which are part of a broader strategy to dominate the EV market rather than merely providing financial support [doc_43.txt].","Insufficient information to support the argument that EV policy is not just a subsidy story but also a market-shaping industrial strategy. [doc_12.txt], [doc_15.txt], [doc_20.txt] do not provide relevant evidence."
8,"Identify the strongest evidence against simplistic anti-EV narratives about batteries, reliability, and environmental benefits.","doc_3.txt, doc_8.txt, doc_17.txt, doc_38.txt","doc_8.txt, doc_66.txt, doc_43.txt, doc_54.txt","doc_1.txt, doc_21.txt, doc_7.txt, doc_6.txt, doc_39.txt, doc_8.txt, doc_33.txt, doc_9.txt, doc_28.txt, doc_12.txt, doc_13.txt, doc_14.txt",0.25,0.25,4.3691599930753,7.674996995774563,2486.445824004477,3939.31883800542,7287,3110,"The strongest evidence against simplistic anti-EV narratives includes the finding that 97.5% of EVs are still using their original batteries, with a replacement rate of under one percent for EVs made from 2016 onward, indicating high reliability. Additionally, the introduction of long-range Blade LFP batteries, which are less prone to spontaneous combustion, supports the argument for improved safety and environmental benefits of EVs [doc_8.txt][doc_66.txt].","Insufficient information to identify the strongest evidence against simplistic anti-EV narratives about batteries, reliability, and environmental benefits. [doc_7.txt, doc_9.txt, doc_14.txt]"
9,"If a policymaker wanted to increase EV adoption, which combination of model availability, incentives, and charging access is best supported by the corpus?","doc_1.txt, doc_35.txt, doc_40.txt, doc_48.txt, doc_70.txt","doc_30.txt, doc_64.txt, doc_48.txt, doc_39.txt, doc_61.txt","doc_1.txt, doc_8.txt, doc_39.txt, doc_21.txt, doc_3.txt, doc_5.txt, doc_32.txt, doc_7.txt, doc_27.txt, doc_29.txt, doc_33.txt",0.2,0.2,4.031655000289902,8.089731003565248,2063.8052799986326,1177.4691850005183,7288,3018,"To increase EV adoption, the best-supported combination is a diverse model availability, substantial incentives, and improved charging access. The context highlights significant increases in EV incentives, aggressive price reductions by key models like the Tesla Model Y, and the need for expanded charging infrastructure to alleviate consumer concerns about range anxiety [doc_64.txt][doc_48.txt][doc_39.txt].","To increase EV adoption, the best-supported combination is greater availability of public and workplace charging, along with incentives for consumers. [doc_1.txt]"
10,Explain how EV investment and job creation claims relate to concerns that the US auto industry could fall behind.,"doc_6.txt, doc_38.txt, doc_63.txt, doc_64.txt","doc_66.txt, doc_43.txt, doc_6.txt, doc_37.txt","doc_1.txt, doc_21.txt, doc_9.txt, doc_28.txt, doc_13.txt, doc_23.txt, doc_37.txt, doc_41.txt, doc_7.txt, doc_25.txt, doc_5.txt, doc_32.txt",0.25,0.0,4.379370002425276,8.428378001553938,4058.431257995835,1686.668146001466,7287,2857,"The claims of EV investment and job creation are directly related to concerns that the U.S. auto industry could fall behind, particularly in the context of global competition, especially with China. The U.S. has made significant investments in EV manufacturing, driven by federal policies, which are crucial for maintaining competitiveness in the rapidly evolving EV market. As the U.S. allocates substantial resources (over $245 billion) to support EV development, the growth in investments and jobs is seen as essential to prevent the U.S. from lagging behind in the global EV landscape, where countries like China are advancing rapidly in battery technology and production capabilities [doc_6.txt][doc_43.txt].","The context does not provide specific information on how EV investment and job creation claims relate to concerns about the US auto industry potentially falling behind. Therefore, I cannot answer the question based on the provided context."
11,Distinguish between evidence about actual EV sales volumes and evidence about sentiment toward EVs in the US market.,"doc_2.txt, doc_21.txt, doc_23.txt, doc_30.txt, doc_36.txt","doc_2.txt, doc_47.txt, doc_21.txt, doc_40.txt, doc_36.txt","doc_26.txt, doc_7.txt, doc_39.txt, doc_8.txt, doc_28.txt, doc_9.txt, doc_18.txt, doc_23.txt, doc_21.txt, doc_30.txt, doc_1.txt",0.6,0.6,4.922075997455977,8.241319002991077,2330.8355679982924,2014.7630799983745,7286,2848,"Evidence about actual EV sales volumes includes specific sales data, such as the 268,909 new electric vehicles sold in Q1 2024, and the year-over-year growth rates of 2.6% compared to previous quarters [doc_2.txt]. In contrast, evidence about sentiment toward EVs reflects perceptions and attitudes, such as the statement that dealer sentiment is likely worse than actual market conditions, indicating uncertainty rather than performance issues [doc_47.txt].","Evidence about actual EV sales volumes includes the information that China is estimated to account for 10 million of the EVs sold globally [doc_26.txt]. Evidence about sentiment toward EVs in the US market is reflected in the Cox Automotive Dealer Sentiment Index, which shows that automobile dealers in the US view the market as weak [doc_23.txt]."
12,What cross-document evidence suggests that investor sentiment toward EV companies is not explained by revenue growth alone?,"doc_12.txt, doc_13.txt, doc_14.txt, doc_15.txt, doc_22.txt","doc_25.txt, doc_26.txt, doc_24.txt, doc_15.txt, doc_64.txt, doc_23.txt","doc_24.txt, doc_25.txt, doc_5.txt, doc_40.txt, doc_15.txt, doc_20.txt, doc_22.txt, doc_31.txt, doc_28.txt, doc_1.txt, doc_2.txt, doc_32.txt, doc_26.txt, doc_21.txt, doc_23.txt, doc_9.txt",0.2,0.4,4.9420299983466975,8.146087006025482,2724.6910169997136,1260.401911000372,7288,2549,"The cross-document evidence suggesting that investor sentiment toward EV companies is not explained by revenue growth alone includes the observation that despite significant revenue growth in EV sales (e.g., a 40% increase in China), negative investor sentiment persisted due to external factors such as US-China tensions and regulatory uncertainties [doc_26.txt]. Additionally, the comparison to the Dot Com bubble indicates that investor behavior is influenced by broader market dynamics and speculative trends rather than solely by revenue metrics [doc_24.txt].",Insufficient information is provided to determine the cross-document evidence regarding investor sentiment toward EV companies and its relation to revenue growth.
13,"Compare government policy in China with US state and local policy: where do they overlap, and where do they differ in effect?","doc_1.txt, doc_63.txt, doc_64.txt, doc_66.txt","doc_63.txt, doc_66.txt, doc_43.txt, doc_45.txt","doc_18.txt, doc_1.txt, doc_15.txt, doc_28.txt, doc_40.txt, doc_7.txt, doc_10.txt, doc_27.txt, doc_29.txt, doc_9.txt",0.5,0.25,5.262377002509311,8.671111994772218,3960.849404997134,2243.7119480018737,6737,2741,"Government policy in China and US state and local policy in the EV sector shows both overlap and significant differences. 

**Overlap:**
Both governments aim to promote the electric vehicle (EV) industry, recognizing its importance for economic growth and climate policy. They provide incentives such as subsidies and tax breaks to encourage EV adoption and development.

**Differences:**
China's approach is characterized by aggressive, centralized industrial policy, with substantial government investment (over $230 billion in subsidies from 2009 to 2023) and a focus on creating a competitive domestic industry through protectionist measures and local content requirements. In contrast, US state and local policies tend to be more decentralized and varied, lacking the same level of coordinated national strategy and extensive financial backing. This results in a less uniform and potentially less impactful support system for the EV sector in the US compared to China's comprehensive and strategic approach [doc_66.txt][doc_43.txt].","The context does not provide sufficient information to compare government policy in China with US state and local policy, including their overlaps and differences in effect. [doc_7.txt], [doc_18.txt]"
14,How do public-health and environmental arguments for EVs interact with adoption barriers reported by consumers?,"doc_3.txt, doc_17.txt, doc_35.txt, doc_40.txt, doc_44.txt","doc_49.txt, doc_66.txt, doc_39.txt, doc_43.txt, doc_9.txt, doc_69.txt","doc_13.txt, doc_32.txt, doc_9.txt, doc_40.txt, doc_10.txt, doc_28.txt, doc_35.txt, doc_1.txt, doc_2.txt, doc_26.txt, doc_36.txt, doc_3.txt, doc_17.txt",0.0,0.8,6.008451993693598,8.899868000298738,2967.6290290008183,874.7091599943815,7287,2445,"The public-health and environmental arguments for EVs interact with consumer adoption barriers primarily through concerns about driving range and charging infrastructure. While public health benefits may motivate consumers, practical issues like insufficient charging stations and range anxiety remain significant barriers. As consumers begin to view EVs as realistic options, these barriers may diminish, especially with improvements in infrastructure and personal experiences with EVs [doc_9.txt][doc_69.txt].",Insufficient information to answer the question.
15,Which documents together best explain why EV adoption can rise in some metropolitan areas while national sentiment remains cautious?,"doc_1.txt, doc_21.txt, doc_35.txt, doc_44.txt, doc_48.txt","doc_1.txt, doc_30.txt, doc_42.txt, doc_8.txt, doc_47.txt, doc_21.txt","doc_1.txt, doc_18.txt, doc_21.txt, doc_24.txt, doc_38.txt, doc_17.txt, doc_2.txt, doc_30.txt, doc_9.txt, doc_23.txt, doc_3.txt",0.4,0.4,4.226737000863068,9.008465000079013,3084.057642998232,2286.147031998553,7286,2535,"The documents that best explain why EV adoption can rise in some metropolitan areas while national sentiment remains cautious are [doc_1.txt] and [doc_30.txt]. Document 1 discusses the impact of regulations and incentives on EV model availability and market growth, while Document 30 highlights the concentration of charging infrastructure in metropolitan areas, which supports higher EV adoption in those regions compared to the national context.","The documents that best explain why EV adoption can rise in some metropolitan areas while national sentiment remains cautious are [doc_1.txt] and [doc_21.txt]. Document [doc_1.txt] provides evidence of high uptake in areas with significant infrastructure (workplace chargers), while [doc_21.txt] indicates stable dealer sentiment, suggesting a cautious national outlook despite local successes."
16,"Assess whether the EV market's main challenge is supply, demand, infrastructure, or finance, using evidence from at least three document groups.","doc_2.txt, doc_15.txt, doc_35.txt, doc_48.txt, doc_70.txt","doc_42.txt, doc_64.txt, doc_58.txt, doc_30.txt, doc_61.txt","doc_32.txt, doc_5.txt, doc_9.txt, doc_41.txt, doc_31.txt, doc_2.txt, doc_15.txt, doc_30.txt, doc_35.txt, doc_3.txt, doc_7.txt, doc_26.txt, doc_24.txt, doc_39.txt, doc_8.txt",0.0,0.6,4.281763001927175,8.565499003452715,2991.261214003316,2095.8697970054345,6738,2509,"The main challenge in the EV market appears to be supply, particularly concerning access to raw materials essential for battery production. Document [doc_64.txt] highlights that the concentration of critical materials like lithium and cobalt in specific regions can lead to supply chain vulnerabilities and potential shortages. Additionally, document [doc_30.txt] indicates a slowdown in consumer demand in markets like Europe and China, but the overarching concern remains the supply of materials necessary for production. Document [doc_64.txt] also emphasizes the importance of securing a stable supply of these materials as EV adoption accelerates. Thus, while demand and infrastructure are factors, the evidence points primarily to supply as the main challenge.","The main challenge in the EV market appears to be a combination of supply, demand, and infrastructure. Evidence from document groups indicates that adoption challenges range from regional demand to infrastructure [doc_32.txt], and lockdown measures have impacted consumer participation in the automotive retail market [doc_9.txt]. Additionally, Tesla's significant market share suggests that demand is present but may be constrained by other factors [doc_30.txt]. Thus, the challenges are multifaceted rather than singularly focused on one aspect."
17,What evidence connects EV model availability requirements with broader sales outcomes and regional adoption differences?,"doc_1.txt, doc_30.txt, doc_67.txt, doc_69.txt","doc_2.txt, doc_61.txt, doc_39.txt, doc_9.txt, doc_28.txt, doc_69.txt","doc_32.txt, doc_10.txt, doc_18.txt, doc_30.txt, doc_1.txt, doc_5.txt, doc_26.txt, doc_27.txt, doc_29.txt, doc_9.txt, doc_28.txt",0.25,0.5,4.113791001145728,7.745120994513854,5063.663958004327,1441.5071650000755,7286,2956,"The evidence connecting EV model availability requirements with broader sales outcomes and regional adoption differences includes the following points: 

1. In the U.S., the availability of charging stations is a primary concern for potential buyers, with 49% citing it as crucial, and this concern is even higher in the Northeast (58%) and Midwest (45%) regions. This suggests that the availability of EV models and supporting infrastructure directly influences sales outcomes in these areas [doc_39.txt].

2. Regional differences in buyer preferences also highlight how model availability impacts sales. For instance, in the South, cost savings on fuel and maintenance are prioritized, while in the West, the price of an EV model is the main concern, indicating that different factors drive adoption in different regions [doc_39.txt].

3. The overall success of specific models, such as the Tesla Model 3, which accounts for a significant portion of U.S. EV sales, underscores the importance of model availability in driving broader sales outcomes [doc_9.txt]. 

These factors collectively illustrate how the availability of EV models and related infrastructure can influence sales and adoption rates across different regions.","The context does not provide sufficient evidence connecting EV model availability requirements with broader sales outcomes and regional adoption differences. [doc_1.txt], [doc_27.txt], [doc_29.txt] do not address this specific connection."
18,"Explain why Chinese EV battery dominance matters for US automakers, beyond simple competition between car brands.","doc_38.txt, doc_61.txt, doc_63.txt, doc_64.txt, doc_66.txt","doc_7.txt, doc_65.txt, doc_63.txt, doc_66.txt, doc_43.txt","doc_15.txt, doc_18.txt, doc_21.txt, doc_26.txt, doc_5.txt, doc_7.txt, doc_9.txt, doc_25.txt, doc_39.txt",0.4,0.0,4.845941002713516,8.282889000838622,3323.811458001728,2157.5474030032638,7287,2720,"Chinese EV battery dominance matters for US automakers because it affects their ability to compete in the global market. With Chinese firms controlling a significant portion of the EV battery supply chain, including raw materials and manufacturing capacity, US automakers may struggle to secure the necessary components for their vehicles. This could lead to increased production costs and supply chain vulnerabilities, ultimately impacting their market share and competitiveness against rapidly expanding Chinese brands like BYD, which is now the largest EV producer globally [doc_7.txt][doc_65.txt][doc_43.txt].","Chinese EV battery dominance matters for US automakers because electric vehicles are a key technology for decarbonizing road transport, which is crucial for meeting environmental goals and regulations. Additionally, the forecasted global growth in battery electric vehicle volume indicates a significant market opportunity that US automakers must compete in, beyond just brand competition [doc_18.txt][doc_5.txt]."
19,"Find the strongest contradiction between optimistic EV adoption signals and skeptical market signals, then resolve it using document evidence.","doc_1.txt, doc_2.txt, doc_21.txt, doc_36.txt, doc_44.txt","doc_56.txt, doc_39.txt, doc_70.txt, doc_18.txt, doc_66.txt, doc_43.txt","doc_26.txt, doc_39.txt, doc_18.txt, doc_1.txt, doc_2.txt, doc_35.txt, doc_21.txt, doc_3.txt, doc_7.txt, doc_5.txt, doc_32.txt, doc_8.txt, doc_30.txt",0.0,0.6,4.674021998653188,8.303227994474582,3693.122468001093,2896.5948479963117,7288,2736,"The strongest contradiction between optimistic EV adoption signals and skeptical market signals lies in the projected growth of EV sales versus consumer hesitance due to infrastructure concerns. While a report predicts that EVs will account for 23% of new car sales by 2025 [doc_39.txt], a significant portion of potential buyers express skepticism, with 42% stating they would only purchase an EV if public charging availability matches that of gas stations [doc_70.txt]. 

This contradiction can be resolved by recognizing that while market forecasts are optimistic, they depend heavily on addressing consumer concerns about charging infrastructure. Investments in charging networks and policies that enhance convenience could bridge this gap, fostering greater consumer confidence and adoption [doc_70.txt].","The strongest contradiction between optimistic EV adoption signals and skeptical market signals is the disparity between the leading markets (China, Europe, and the United States) and potential concerns about energy security and reliance on multiple fuel sources. 

To resolve this, the evidence shows that while these regions are leading in EV adoption, the emphasis on multiple fuel sources is crucial for national energy security, suggesting that a diversified energy strategy can coexist with the growth of electric vehicles, thereby supporting both optimism and skepticism in the market [doc_18.txt][doc_3.txt]."
20,"Build a concise investment thesis for and against the EV sector using sales trends, policy support, infrastructure, and company results.","doc_6.txt, doc_12.txt, doc_13.txt, doc_15.txt, doc_27.txt, doc_67.txt","doc_66.txt, doc_43.txt, doc_29.txt, doc_27.txt, doc_44.txt, doc_37.txt","doc_15.txt, doc_26.txt, doc_7.txt, doc_8.txt, doc_33.txt, doc_9.txt, doc_28.txt, doc_14.txt, doc_12.txt, doc_19.txt, doc_20.txt",0.16666666666666666,0.3333333333333333,4.131213994696736,8.898234998923726,4999.081939997268,3581.6129810045823,7288,3006,"**Investment Thesis for the EV Sector:**

**For:**
1. **Sales Trends**: Significant growth in EV sales, supported by government subsidies and tax exemptions, particularly in China where $230.9 billion has been invested from 2009 to 2023 [doc_66.txt].
2. **Policy Support**: Strong government backing, including emission limits and infrastructure funding, enhances market confidence and drives adoption [doc_44.txt].
3. **Infrastructure Development**: Collaborative efforts between government and private sectors are aimed at expanding charging networks, which is crucial for consumer adoption [doc_29.txt].

**Against:**
1. **Dependency on Subsidies**: The EV sector's reliance on government support, such as buyer rebates and tax exemptions, raises concerns about sustainability, especially with reductions in these supports [doc_66.txt].
2. **Infrastructure Doubts**: Public skepticism about the development of necessary charging infrastructure could hinder consumer confidence and adoption rates [doc_44.txt].
3. **Company Viability**: Many EV manufacturers, like Nio, are operating at significant losses, questioning the long-term viability of these companies without continued support [doc_66.txt].","**Investment Thesis for the EV Sector:**

**For:**
- **Sales Trends:** Growing consumer demand for electric vehicles is evident, supported by increasing investor appetite fueled by favorable policy support [doc_15.txt].
- **Policy Support:** Government incentives and regulations promoting EV adoption enhance market potential and investor confidence [doc_15.txt].
- **Infrastructure Development:** Ongoing investments in charging infrastructure are critical for supporting EV growth and consumer adoption.

**Against:**
- **Market Volatility:** The EV sector may face fluctuations due to changing policies and market dynamics, which can impact sales and investor sentiment.
- **Infrastructure Challenges:** Insufficient charging infrastructure in certain regions could hinder widespread adoption and limit sales growth.
- **Company Performance:** Variability in company results and profitability within the sector may raise concerns for investors regarding long-term sustainability. 

Insufficient specific data on sales trends, infrastructure, and company results to provide a detailed analysis."
